fixture,row_id,transaction_id,row_type,date,currency,product_id,product_name,customer_id,net_revenue,matched_cogs,source_version
FICTIONAL,S001,TX001,sale,2026-09-02,LAK,P01,Storage box,C001,1000000,600000,FIN-SALES-v1
FICTIONAL,S002,TX002,sale,2026-09-03,LAK,P02,Lamp,C002,1500000,900000,FIN-SALES-v1
FICTIONAL,S003,TX003,sale,2026-09-04,LAK,P01,Storage box,C001,500000,300000,FIN-SALES-v1
FICTIONAL,S004,TX004,sale,2026-09-08,LAK,P03,Kettle,,2000000,1200000,FIN-SALES-v1
FICTIONAL,S005,TX005,sale,2026-09-09,LAK,P04,Fan,C003,1000000,750000,FIN-SALES-v1
FICTIONAL,S006,TX006,return,2026-09-11,LAK,P04,Fan,C003,-200000,-150000,FIN-SALES-v1
FICTIONAL,S007,TX007,sale,2026-09-13,LAK,P05,Organizer,C004,500000,,FIN-SALES-v1
FICTIONAL,S008,TX008,sale,2026-09-18,LAK,P06,Shelf,C005,700000,420000,FIN-SALES-v1
FICTIONAL,S009,TX002,sale,2026-09-03,LAK,P02,Lamp,C002,1500000,900000,FIN-SALES-v1
FICTIONAL,S010,,subtotal,2026-09-30,LAK,,,,7000000,,FIN-SALES-v1
FICTIONAL,S011,USD001,sale,2026-09-20,USD,P02,Lamp,C006,100,60,FIN-SALES-v1
FICTIONAL,S012,AUG001,sale,2026-08-10,LAK,P01,Storage box,C007,800000,480000,FIN-SALES-v1
FICTIONAL,S013,AUG002,sale,2026-08-11,LAK,P02,Lamp,C008,1200000,720000,FIN-SALES-v1
